{
  "0": [
    "0",
    "zero"
  ],
  "1/4": [
    "1/4",
    "one-quarter",
    "quarter"
  ],
  "1/3": [
    "1/3",
    "one-third",
    "a third"
  ],
  "1/2": [
    "1/2",
    "one-half",
    "half"
  ],
  "2/3": [
    "2/3",
    "two-third",
    "two-thirds"
  ],
  "3/4": [
    "3/4",
    "three-fourth",
    "three-fourths"
  ],
  "1": [
    "1",
    "one"
  ],
  "2": [
    "2",
    "two"
  ],
  "3": [
    "3",
    "three"
  ],
  "4": [
    "4",
    "four"
  ],
  "5": [
    "5",
    "five"
  ],
  "6": [
    "6",
    "six"
  ],
  "7": [
    "7",
    "seven"
  ],
  "8": [
    "8",
    "eight"
  ],
  "9": [
    "9",
    "nine"
  ],
  "10": [
    "10",
    "ten"
  ],
  "11": [
    "11",
    "eleven"
  ],
  "12": [
    "12",
    "twelve"
  ],
  "13": [
    "13",
    "thirteen"
  ],
  "14": [
    "14",
    "fourteen"
  ],
  "15": [
    "15",
    "fifteen"
  ],
  "16": [
    "16",
    "sixteen"
  ],
  "17": [
    "17",
    "seventeen"
  ],
  "18": [
    "18",
    "eighteen"
  ],
  "19": [
    "19",
    "nineteen"
  ],
  "20": [
    "20",
    "twenty"
  ],
  "30": [
    "30",
    "thirty"
  ],
  "40": [
    "40",
    "forty"
  ],
  "50": [
    "50",
    "fifty"
  ],
  "60": [
    "60",
    "sixty"
  ],
  "70": [
    "70",
    "seventy"
  ],
  "80": [
    "80",
    "eighty"
  ],
  "90": [
    "90",
    "ninety"
  ],
  "100": [
    "100",
    "a hundred",
    "one hundred",
    "hundred"
  ],
  "200": [
    "200",
    "two hundred"
  ]
}